WT residue type,chain ID,Residue #,G,A,V,L,I,M,F,W,P,S,T,C,Y,N,Q,D,E,K,R,H
R,A,208,1.25191,0.41684,0.04921,-0.80779,-0.85424,-0.81835,-0.68143,-0.00761,1.7196,0.89732,0.62608,0.26778,-0.32487,0.17759,-0.28628,-0.0523,-0.62631,-0.78661,-0.06933,0.51225
R,A,391,2.97174,2.43505,4.04255,0.88621,5.72808,0.54224,7.19576,7.37621,4.77576,2.68173,2.7646,2.11871,7.95888,1.59226,1.92465,6.50387,4.52746,1.0822,-0.00282,4.44955
A,A,421,1.5017,0.0,2.42779,4.30835,3.82612,2.17837,3.26779,4.95362,-2.06724,0.57528,1.48348,1.02774,4.90227,3.71148,2.22605,2.73972,2.01821,1.96936,2.90318,7.02568
E,A,527,0.33217,-0.00515,0.22245,-0.14867,-0.01398,-0.14507,-0.15193,0.00637,0.70894,0.17404,0.18699,0.10007,-0.02126,0.22902,0.15703,0.10288,-0.00917,-0.01677,0.01225,-0.71572
